Auto run at Thu Nov 27 16:08:26 UTC 2025
Auto run at Thu Nov 27 18:23:15 UTC 2025
Auto run at Fri Nov 28 12:54:25 UTC 2025
Auto run at Fri Nov 28 18:23:46 UTC 2025
Auto run at Sat Nov 29 18:22:43 UTC 2025
Auto run at Sun Nov 30 18:22:31 UTC 2025
Auto run at Mon Dec  1 18:28:19 UTC 2025
Auto run at Tue Dec  2 18:27:55 UTC 2025
Auto run at Wed Dec  3 18:27:29 UTC 2025
Auto run at Thu Dec  4 18:28:08 UTC 2025
Auto run at Fri Dec  5 18:23:10 UTC 2025
Auto run at Sat Dec  6 18:22:26 UTC 2025
Auto run at Sun Dec  7 18:22:31 UTC 2025
